"profession";"duration";"wage1";"wage2";"wage3";"cola";"hours";"pension";"stby_pay";"shift_diff";"educ_allow";"holidays";"vacation";"lngtrm_disabil";"dntl_ins";"breavement";"Empl.hplan";"consent"
"1";"2";"2.47";;"2.46";"";"41";"none";"2";"4";"";"12";"below average";"";"";"";"half";"??"
"2";"1";"1.99";"3.04";;"tc";"36";"none";;"4";"no";"13";"below average";"";"";"";"half";"good"
"3";"1";"2.97";;"5.02";"tc";"40";"";;"25";"maybe";"10";"below average";"";"half";"";"";"??"
"4";"1";"-4.51";"3.98";;"";"39";"";;;"";"9";"average";"";"";"yes";"half";"good"
"5";"2";"-4.51";"3.96";;"tc";"38";"none";;;"";;"average";"";"half";"yes";"none";"bad"
"6";"2";"4.32";"4.77";"-5.01";"tc";"40";"";;"4";"yes";"11";"";"";"full";"yes";"none";"bad"
"7";"3";"4.47";"4.54";;"none";"39";"none";;"3";"yes";"14";"below average";"";"none";"";"half";"bad"
"8";"2";"4.51";;;"none";"61";"";;;"no";"11";"below average";"";"full";"no";"";"good"
"9";"2";"2.13";"1.98";;"";"40";"";;"3";"yes";"14";"below average";"";"none";"";"";"good"
"10";"2";"2";;;"none";"41";"";;;"no";"9";"below average";"yes";"";"yes";".5";"bad"
"11";"3";"2.79";"3.99";;"";"28";"empl_contr";"-12";;"yes";"10";"";"";"";"yes";"none";"good"
"12";"3";"4.52";"4.5";;"none";"39";"self payed";"-1";;"";"4";"generous";"";"";"";"half";"good"
"13";"2";"-4.5";"4.01";"4.59";"";"39";"";;;"";"11";"average";"yes";"full";"";"";"??"
"14";"1";"1.96";"4.01";;"tcf";"39";"none";;;"no";"14";"average";"";"";"";"";"bad"
"15";"1";"4.04";"4.01";;"";"41";"none";"13";;"maybe";"12";"below average";"no";"none";"yes";"full";"good"
"501";"3";"2.82";"5.03";;"";"41";"";;;"maybe";"10";"generous";"yes";"half";"yes";"";"bad"
"17";"3";"3.98";"3.97";;"tcf";"38";"empl_contr";;;"";"9";"generous";"";"full";"";"none";"bad"
"18";"3";"2.5";"3.03";;"";"35";"ret_allw";"-1";"3";"no";"9";"generous";"";"half";"";"";"good"
"19";"3";"5.67";"1.98";;"none";"9";"";;;"yes";"12";"generous";"";"";"";"";"good"
"20";"2";"2";"2.52";;"none";"11";"empl_contr";;;"";"9";"generous";"";"half";"yes";"full";"good"
"21";"1";"4.01";"3.97";"2.09";"";"39";"empl_contr";"13";"5";"";"10";"below average";"yes";"";"";"full";"??"
"22";"2";"-4.49";"4.03";"5";"none";"62";"";;;"";"11";"generous";"";"";"";"full";"bad"
"23";"2";"6.93";"4.4";;"";"40";"ret_allw";;;"yes";"12";"average";"";"full";"";"";"??"
"24";"1";"4.53";"2.52";;"";"36";"ret_allw";;;"";"9";"below average";"";"half";"yes";"full";"bad"
"25";"1";"4.51";;;"none";"41";"empl_contr";;"4";"";"15";"average";"";"";"maybe";"";"good"
"26";"2";"2.81";;"1.97";"tc";"41";"";;"6";"yes";"9";"below average";"yes";"";"yes";"";"bad"
"27";"2";"2";"3.01";;"none";"35";"";;;"";"11";"below average";"yes";"none";"";"full";"bad"
"28";"2";"3.02";;;"";"37";"none";"-1";;"no";"11";"generous";"";"half";"yes";"full";"good"
"29";"2";"4";"4.51";"2.01";"";"39";"empl_contr";;"5";"yes";"11";"generous";"";"";"";"full";"bad"
"30";"2";"2.49";"4.04";;"";"40";"empl_contr";"12";"5";"no";"10";"average";"";"";"maybe";"none";"good"
"31";"3";"2.07";"2.03";;"none";"36";"";;"3";"no";"12";"";"";"";"yes";"full";"good"
"32";"2";"2.81";"3.01";"4.99";"";"41";"";;;"no";"10";"average";"";"half";"";"";"good"
"33";"1";"3.47";"4.01";;"";"36";"";;;"";"9";"generous";"yes";"";"";"full";"good"
"34";"3";"4.52";"4.02";;"tc";"36";"empl_contr";"2";"3";"maybe";"4";"below average";"";"half";"";"full";"good"
"35";"2";"4.02";"4.47";;"";"63";"";"-1";;"";"13";"average";"";"half";"";"";"good"
"36";"2";"6.93";"4.51";;"";"37";"";;;"";"13";"";"yes";"half";"";"full";"bad"
"37";"1";"2.81";"3.99";"5.03";"tc";"40";"";"2";"4";"no";"3";"";"no";"none";"";"full";"good"
"38";"3";"2.98";"4.83";"2.07";"tcf";"41";"";;;"yes";"5";"generous";"";"half";"yes";"";"bad"
"39";"3";"-4.48";"3.98";;"";"61";"";;"4";"no";"12";"average";"yes";"";"";"full";"bad"
"40";"3";"-4.51";;;"tc";"35";"self payed";;;"no";"9";"below average";"yes";"full";"";"full";"good"
"41";"1";"-4.48";"4.38";;"tc";;"none";;;"";"10";"below average";"yes";"";"yes";"full";"good"
"42";"3";"2.01";;"1.98";"tcf";"36";"ret_allw";;;"no";"11";"average";"";"";"";"full";"??"
"43";"2";"3.71";"37.01";;"none";"34";"";;;"no";"10";"below average";"yes";"";"";"half";"good"
"44";"2";"3.46";"2.51";;"";"38";"";;"2";"no";"11";"generous";"yes";"full";"";".5";"bad"
"45";"3";;"4.81";;"";"40";"ret_allw";;"5";"";;"generous";"";"half";"";"none";"good"
"46";"2";"4.33";"4";;"";"40";"self payed";;;"";"12";"generous";"no";"half";"yes";"";"bad"
"47";"3";"1.99";;"-5.02";"none";"36";"none";;"3";"";"11";"below average";"no";"";"";"";"good"
"48";"3";"1.98";"2.04";;"none";"38";"empl_contr";;;"";"11";"generous";"";"half";"yes";"";"good"
"49";"3";"-5.02";"1.97";"1.97";"none";"39";"empl_contr";"2";;"yes";"12";"average";"";"";"";"";"??"
"50";"2";"3.98";"4.53";;"none";"37";"empl_contr";"2";"2";"no";"13";"generous";"yes";"none";"";"";"bad"
"51";"2";"4.46";"4.78";;"none";"40";"empl_contr";;;"yes";"10";"generous";"yes";"none";"no";"";"good"
"52";"1";"4.49";"5";;"tc";"40";"none";;"4";"no";"12";"below average";"";"";"yes";"";"good"
"53";"2";"4.02";"4.03";"5.03";"";"37";"";;"5";"no";"12";"average";"";"";"";"";"??"
"54";"2";"3.49";"4.51";"2.12";"none";"41";"";;;"maybe";"11";"below average";"yes";"none";"yes";"";"good"
"55";"2";"4.3";"2.51";;"tc";"40";"";;;"";"11";"below average";"";"";"yes";"";"bad"
"56";"3";"-4.49";"3.98";"5.07";"";"38";"";;"3";"";"12";"generous";"";"full";"";".5";"good"
"57";"1";"2.81";"36.97";"4.62";"tcf";"36";"";;"0";"no";"10";"average";"";"half";"";"half";"good"
"58";"2";"-5";"5.79";"4.59";"";"37";"self payed";;;"no";"10";"";"";"none";"";"";"good"
"59";"3";"4.52";"3.97";;"tc";"9";"";"2";;"no";"13";"below average";"yes";"half";"no";".5";"good"
"60";"2";"3.5";"7.04";"4.64";"tc";"35";"";;;"maybe";"11";"below average";"";"none";"yes";"";"??"
"61";"3";"2";"4.02";;"tcf";"41";"self payed";;;"no";"13";"average";"";"full";"yes";"";"good"
"62";"2";"5.71";"4.01";"4.97";"";"36";"";"13";;"no";"14";"generous";"";"full";"yes";"full";"good"
"63";"3";"3.53";;;"none";"40";"";"-1";;"";"11";"generous";"";"none";"";"half";"bad"
"64";"3";"4";"5.01";;"";"40";"";"13";"4";"maybe";"9";"average";"yes";"full";"";"full";"bad"
"65";"1";;"4.41";;"";"39";"self payed";;"4";"yes";"10";"generous";"";"";"";"full";"good"
"66";"3";"4.98";"4.97";"4.97";"none";;"";;;"";"12";"below average";"";"half";"no";"full";"good"
"67";"2";"-4.97";"2.54";"5.12";"tcf";"39";"empl_contr";"12";"4";"yes";"10";"average";"yes";"half";"maybe";"full";"good"
"68";"3";"3.04";"3.98";"2.32";"tcf";"39";"";;;"";"10";"average";"yes";"";"no";"";"good"
"69";"1";"-4.48";"2.49";;"";"37";"";;;"no";"9";"average";"";"half";"yes";"full";"good"
"70";"1";"3";"4.51";"4.56";"";"38";"empl_contr";"4";"2";"no";"12";"below average";"";"full";"";"half";"bad"
"71";"2";"-6.37";"5.02";;"none";"36";"";;"3";"yes";"5";"below average";"yes";"none";"";"full";"good"
"72";"1";"2.08";"2.02";;"";"36";"";;;"";"11";"average";"yes";"";"yes";"full";"good"
"73";"3";"1.99";"24.98";;"";"36";"ret_allw";"-1";"1";"";"11";"generous";"";"full";"yes";".5";"bad"
"74";"2";"2.13";;;"tcf";"40";"empl_contr";;"4";"";"13";"generous";"yes";"";"yes";"half";"good"
"75";"2";"1.96";;;"";"38";"";;"4";"no";"11";"generous";"";"";"";"";"good"
"76";"1";"-4.98";"4.47";;"";"38";"";;;"yes";"12";"generous";"yes";"";"yes";"";"good"
"77";"3";"2.54";"2.96";;"";"40";"";"-1";"3";"no";"13";"";"";"";"yes";"full";"bad"
"78";"3";"5.72";;;"tc";"39";"ret_allw";;;"yes";"11";"generous";"yes";"";"yes";"half";"good"
"79";"3";"-4.48";"3.97";;"tc";;"";"12";"1";"";"10";"average";"";"half";"";"full";"??"
"80";"2";"1.98";"4.98";;"";"37";"";;"3";"no";"11";"average";"yes";"";"";"full";"good"
"81";"2";"-5";"4.81";;"";"38";"";"-1";"0";"";"16";"below average";"";"none";"yes";"half";"good"
"82";"1";;"1.97";"2.01";"tc";;"none";"29";"0";"yes";"11";"generous";"";"half";"yes";"";"bad"
"83";"1";"6.88";;;"";"9";"empl_contr";;;"no";"10";"below average";"yes";"full";"";"full";"good"
"84";"2";"4.52";;;"tcf";"37";"empl_contr";;"5";"";"11";"";"";"half";"yes";"";"bad"
"85";"3";"2.04";"36.99";;"";"40";"none";;;"yes";"11";"generous";"no";"none";"";"half";"bad"
"86";"2";"1.97";"4.39";;"tc";;"empl_contr";;"3";"";"10";"below average";"";"";"yes";"none";"bad"
"87";"3";"6.93";"2.52";;"";"26";"";;"3";"";"13";"average";"";"none";"";".5";"bad"
"88";"2";"5.74";"36.98";"5";"";"40";"";;"25";"maybe";"9";"generous";"no";"half";"";"half";"good"
"89";"2";"3.97";;"5.01";"none";"37";"";"4";"3";"yes";"13";"below average";"";"full";"yes";"";"good"
"90";"3";"1.98";"4.53";;"none";"39";"empl_contr";;"4";"maybe";"12";"average";"yes";"";"yes";"";"??"
"91";"2";"2.51";"36.96";;"none";"38";"";;"3";"no";"10";"below average";"yes";"half";"yes";"none";"good"
"92";"3";"4.02";"3.98";;"none";"40";"none";"13";;"";"9";"average";"yes";"half";"";"none";"bad"
"93";"2";"2.54";"4";;"none";"35";"ret_allw";"29";;"yes";"12";"below average";"yes";"none";"yes";"";"bad"
"94";;"1.97";;;"none";"38";"";;;"no";"10";"average";"yes";"";"yes";"none";"good"
"95";"2";"4.03";;;"none";"34";"";;"10";"";"10";"below average";"yes";"half";"";"full";"good"
"96";"3";"4.98";"4";;"none";"39";"empl_contr";;"3";"no";"8";"below average";"yes";"half";"yes";"";"bad"
"97";"2";"4.52";"4";"4.99";"tcf";;"none";;"4";"no";"11";"generous";"";"half";"";"full";"good"
"98";"1";"2.02";"4.03";;"none";"40";"empl_contr";;;"yes";"13";"average";"";"half";"maybe";"full";"bad"
"99";"3";"3.98";"5.04";;"none";"36";"";;"3";"";"11";"generous";"";"full";"";"full";"good"
"100";"3";"3.02";"3";"4.6";"none";"39";"";;"4";"yes";"12";"below average";"yes";"none";"yes";"half";"good"
"101";"1";"1.98";"5.84";;"none";"39";"";;;"yes";"11";"below average";"";"full";"";"half";"good"
"102";"2";"3.98";"2.03";;"";"10";"";;;"yes";"12";"";"";"";"yes";"full";"good"
"103";"2";"4.47";"2.98";;"";"39";"empl_contr";;;"no";"10";"generous";"";"full";"";"full";"good"
"104";"1";"3.51";;;"";"37";"";;"5";"maybe";"12";"generous";"no";"full";"maybe";"";"good"
"105";"3";"2.53";;;"tc";"40";"";;"5";"";"10";"generous";"";"";"yes";"full";"good"
"106";"3";"2";;"5.04";"tcf";"10";"empl_contr";;"2";"";"11";"average";"no";"half";"";"";"good"
"107";"1";"2.13";"3.04";;"";"41";"ret_allw";;;"no";"11";"below average";"yes";"";"no";"full";"bad"
"108";"3";"2.84";"3.01";;"";"35";"none";;;"";"12";"below average";"yes";"none";"";"none";"??"
"109";"3";"6.93";"2.51";;"";"39";"ret_allw";;"4";"maybe";"11";"below average";"";"";"yes";"half";"bad"
"110";"3";"3.5";;;"";"40";"";;;"no";"10";"below average";"no";"none";"yes";"";"bad"
"111";"1";"3.01";"25.02";;"none";"36";"none";;"4";"no";"10";"average";"no";"full";"yes";"full";"good"
"112";"2";"4.03";"4.04";;"tcf";"41";"";;"0";"";"11";"below average";"no";"full";"yes";"full";"good"
"113";"2";"2.53";"7.02";"1.99";"tc";;"empl_contr";;"4";"";"11";"below average";"yes";"none";"";"half";"good"
"114";"3";"3.47";"2.98";;"none";"41";"";;;"no";"9";"average";"";"full";"yes";"";"good"
"115";"1";"4.34";"4.8";"5.04";"";;"none";;"5";"maybe";"10";"below average";"no";"";"no";"full";"good"
"116";"3";"4.03";"5.03";"2.52";"tc";"38";"";;;"no";"12";"average";"no";"half";"";"half";"good"
"117";"2";"4.48";;"-5.03";"tc";;"self payed";;"3";"yes";"10";"generous";"yes";"none";"";".5";"good"
"118";"3";"2.49";"3.99";;"";"41";"";;"5";"";"15";"average";"";"";"";"";"good"
"119";"1";"4.49";;;"none";"36";"";;"0";"yes";"10";"below average";"yes";"";"";"half";"good"
"120";"2";"3.7";;;"tc";"39";"ret_allw";;;"no";"11";"below average";"yes";"full";"";"";"good"
"121";"3";"3.69";"4.99";"4.58";"";"38";"";;;"";"4";"below average";"yes";"none";"";"full";"??"
"122";"2";"3.01";"4";"1.98";"";"40";"";;"6";"yes";"9";"generous";"yes";"half";"";"";"good"
"123";"3";"2.12";"37";;"";"35";"ret_allw";;;"";"5";"generous";"";"";"";"";"good"
"124";"3";"3.47";"4";;"";"39";"none";;;"no";"12";"generous";"";"";"yes";"full";"good"
"125";"3";"2.51";"4.04";;"none";"39";"";;"4";"maybe";"11";"generous";"";"";"yes";"half";"??"
"126";"2";"4.03";;;"";"38";"none";;"5";"maybe";"12";"average";"";"none";"yes";"";"good"
"127";"2";"2.79";;;"";"41";"empl_contr";"29";;"";"12";"average";"";"none";"yes";"full";"good"
"128";"3";"2.03";"3.99";"4.57";"tcf";"40";"none";;"10";"yes";"9";"below average";"";"none";"yes";"";"good"
"129";"3";"3.54";"3.99";;"";;"";"4";"25";"";"12";"average";"";"";"yes";"full";"good"
"130";"3";"3.49";;;"none";"41";"";"4";;"";"22";"generous";"no";"";"";"";"good"
"131";"2";"3.02";"7.03";"2.27";"";"39";"empl_contr";;;"";"11";"average";"yes";"half";"yes";"";"bad"
"132";"2";"1.97";"4.01";;"none";"41";"";"13";;"";"11";"generous";"";"";"no";"half";"good"
"133";"2";"5.7";"5.02";;"none";"39";"empl_contr";;;"yes";"12";"generous";"yes";"none";"yes";"";"good"
"134";"3";"2.53";"4.84";;"none";"35";"none";;"3";"";"9";"generous";"";"full";"";"full";"good"
"135";"2";"1.98";"5";;"";"40";"";;;"maybe";"10";"average";"";"";"";"none";"good"
"136";"2";"1.98";"2.48";;"";"37";"ret_allw";;"10";"no";"11";"average";"";"half";"maybe";".5";"good"
"137";"3";"1.99";"2.52";"2.3";"";"11";"";"12";"5";"no";"9";"average";"";"half";"";".5";"good"
"138";"2";"1.98";"5.02";;"tc";"40";"ret_allw";;"3";"no";"9";"average";"";"none";"";"";"good"
"139";"2";"2.81";"5.8";"4.99";"";"38";"";;"4";"";"13";"average";"";"full";"yes";"";"good"
"140";"3";"2.77";"4.03";;"none";"62";"none";"2";;"";"11";"generous";"";"none";"";"half";"good"
"141";"3";"2.77";"2.51";"5.02";"none";"62";"";;"5";"maybe";"10";"generous";"";"";"yes";".5";"bad"
"142";"2";"3";;;"tc";"39";"";;"2";"no";"10";"average";"";"";"no";"";"good"
"143";"3";"-4.52";"4.03";"2";"none";"39";"empl_contr";;"5";"yes";"13";"generous";"";"";"";"";"bad"
"144";"3";"3.47";"5.04";;"";"40";"";;;"yes";"9";"below average";"";"";"";"";"good"
"145";"2";"2.54";"4.51";;"tcf";"41";"self payed";;;"yes";"14";"generous";"yes";"";"yes";"half";"good"
"146";"2";"3.69";;;"";"38";"empl_contr";"4";"10";"maybe";"11";"average";"yes";"half";"yes";"";"bad"
"147";"3";"2.12";"7.04";"2.07";"none";"39";"empl_contr";"2";;"";"11";"generous";"yes";"full";"yes";"full";"good"
"148";"2";"4.3";"2.97";;"tcf";"36";"empl_contr";;"4";"";"10";"average";"yes";"";"";"";"good"
"149";"3";"3.73";"4.4";;"";"34";"";;"4";"";"10";"average";"";"full";"yes";"full";"good"
"150";"2";"5.98";"2.49";;"none";"40";"empl_contr";;;"";"9";"average";"yes";"";"";"full";"good"
"151";"2";;;;"none";"41";"";"13";"4";"yes";"10";"generous";"yes";"full";"yes";"half";"good"
"152";"2";"2.48";;;"tc";"38";"none";;"25";"no";"11";"below average";"yes";"half";"yes";"none";"bad"
"153";"2";"4";"4.38";"4.99";"none";"35";"";"2";;"";"11";"below average";"no";"half";"maybe";"";"good"
"154";"2";"3.5";"4.01";;"";"38";"";;"6";"";"12";"generous";"";"full";"yes";"half";"good"
"155";"1";"2.03";"3.99";"2.1";"";;"";;"2";"yes";"13";"below average";"";"";"no";"full";"bad"
"156";"2";"-4.47";;;"tcf";"35";"";;"5";"";"9";"below average";"";"none";"";"";"good"
"157";"1";"3.48";;"5.02";"";"37";"";"4";"3";"";"12";"below average";"";"half";"yes";"";"good"
"158";"1";"2.49";;;"";"38";"empl_contr";;;"";"8";"generous";"";"full";"";"full";"good"
"159";"2";"4.01";"2.53";"4.99";"none";;"empl_contr";;"4";"no";"10";"average";"";"half";"yes";"none";"good"
"160";"3";"-4.49";"6.98";;"tc";;"empl_contr";;;"no";;"generous";"yes";"";"";"half";"bad"
"161";"2";"2.01";"5.82";"1.99";"tc";"10";"";;"2";"";"15";"";"";"full";"yes";"";"??"
"162";"2";"3.48";"3.98";;"";"38";"";;;"yes";"9";"generous";"";"none";"yes";"";"bad"
"163";"2";"1.99";"4.49";;"none";"35";"";;;"yes";"12";"average";"yes";"none";"";"none";"bad"
"164";"3";"6.93";"4.43";"2.48";"";"36";"";;;"";"5";"generous";"";"half";"yes";"";"good"
"165";"1";"5.01";"4.42";;"none";"40";"";"-1";;"no";"10";"";"";"none";"yes";"full";"good"
"166";"1";"4.51";"3.97";;"none";"37";"ret_allw";;"3";"no";"11";"below average";"";"full";"no";"";"good"
"167";"3";"3.54";"2.49";;"none";"38";"";;;"no";"11";"below average";"yes";"";"yes";"half";"bad"
"168";"2";"4.5";"7";;"";"35";"";;"6";"yes";"12";"below average";"yes";"half";"";"full";"good"
"169";"2";"3.7";"24.96";;"tcf";"41";"empl_contr";;"4";"";"9";"average";"";"";"no";"none";"bad"
"170";"2";"2.11";"3.97";"5.07";"tc";"37";"";"-1";;"no";"14";"below average";"";"full";"yes";"half";"bad"
"171";"3";"4.49";"4";;"none";"62";"";;"0";"";"11";"";"yes";"";"";"full";"good"
"172";"1";"4.97";"3.98";;"none";"61";"self payed";;;"yes";"11";"below average";"";"";"";"";"good"
"173";"1";"-4.51";"5.79";;"";"36";"";;"3";"";"12";"below average";"no";"";"";"";"bad"
"174";"3";"2.53";;;"tcf";;"none";;;"";"10";"generous";"";"none";"";"none";"good"
"175";"2";"4.47";"4.38";"2.49";"";"37";"";;"3";"";"10";"below average";"yes";"none";"";"full";"bad"
"176";"1";"6.9";"2.97";;"tc";"40";"empl_contr";"29";;"yes";"15";"generous";"";"";"";"";"good"
"177";"2";"2.97";"4.47";"4.99";"";"35";"none";;;"";"12";"average";"";"none";"";"half";"good"
"178";"2";;"4.52";"-4.99";"none";"36";"empl_contr";"2";;"";"8";"";"";"";"maybe";"none";"bad"
"179";"3";"1.97";"2.47";"-5.03";"tcf";"40";"";"4";"3";"yes";"12";"below average";"";"full";"";"";"bad"
"180";;"3.99";"3.03";;"";"36";"none";;"3";"";"12";"average";"";"half";"yes";"none";"bad"
"181";"2";"3.48";"2.49";;"";"41";"none";"12";"4";"";"11";"average";"no";"";"";"none";"good"
"182";"2";"2.97";;;"tcf";"35";"ret_allw";;"5";"";"12";"";"yes";"half";"yes";"full";"good"
"183";"2";"4.48";"4.52";;"none";"9";"";;"4";"no";"10";"below average";"yes";"";"";"full";"good"
"184";"2";"3.04";"4.51";;"";"34";"";;"3";"maybe";"12";"";"";"";"";"half";"good"
"185";"2";"4.29";"4.47";"2.09";"";"35";"none";"-12";"10";"yes";"3";"generous";"";"half";"";"full";"good"
"186";"1";"3.5";"3.04";;"none";"41";"none";"2";"3";"";"5";"generous";"";"";"";"";"good"
"187";"3";"-5.02";"2.99";"-5.03";"none";"37";"self payed";;"6";"yes";"4";"generous";"";"half";"";"none";"??"
"188";"3";"4.99";"2.52";;"tcf";"39";"empl_contr";;;"no";"10";"below average";"";"";"";"";"good"
"591";"3";"2.79";"37";;"";"39";"none";;"4";"";"10";"below average";"";"full";"yes";"none";"good"
"190";"2";"3.48";"2.47";;"tcf";"10";"empl_contr";;;"";"12";"";"yes";"half";"";"full";"bad"
"191";"2";"-4.51";"4.01";"4.62";"";"63";"ret_allw";"29";"4";"";"14";"generous";"";"";"yes";"half";"good"
"192";"2";"2.02";"6.39";;"none";"39";"";"2";"3";"no";"13";"below average";"yes";"half";"";"";"good"
"193";"2";"2.97";"7.02";"4.98";"tc";"41";"";;"4";"yes";"12";"average";"";"none";"yes";"full";"bad"
"194";"2";"-5.01";"5.02";;"tc";"40";"";;"2";"no";"4";"";"";"half";"no";"none";"??"
"195";"1";"3.01";"5";;"tcf";"40";"none";"4";;"";"15";"average";"yes";"";"yes";"half";"good"
"196";"2";"2.96";;"4.6";"none";"41";"none";;"2";"";"16";"average";"";"full";"yes";"full";"good"
"197";"3";"-5";"4.99";;"";"37";"empl_contr";;"3";"";"11";"average";"";"half";"";"half";"good"
"198";;"3.01";"2.47";;"";"36";"";;;"no";"11";"below average";"no";"half";"";".5";"good"
"199";"3";"1.98";"4.48";;"none";"37";"";;"4";"";"11";"below average";"";"half";"";"half";"good"
"200";"2";"2.01";"7";;"";"40";"none";"13";;"yes";"11";"generous";"yes";"";"";"";"good"
"201";"2";"2.98";;;"none";"38";"empl_contr";;"10";"";"12";"generous";"";"none";"yes";"full";"good"
"202";"3";"1.99";"2.01";;"";"41";"";"-12";;"";"9";"generous";"yes";"";"";"half";"bad"
"203";"2";"3";"3.98";;"";"39";"self payed";;;"yes";"10";"generous";"";"full";"";"";"??"
"204";"2";"2.98";"4";"-4.97";"tcf";"39";"empl_contr";;;"";"10";"generous";"";"full";"yes";"";"good"
"205";"2";"2.99";"25.03";"2.12";"";;"";"-1";"25";"";"11";"average";"";"none";"";"full";"good"
"206";"1";"2.02";;;"";"40";"empl_contr";;;"yes";"13";"generous";"";"half";"";"half";"good"
"207";"2";"4.31";"4.49";;"";"41";"";;"10";"";"12";"average";"";"half";"yes";"";"bad"
"208";;"4.01";"4.97";"2.02";"tcf";"38";"empl_contr";;"2";"no";"14";"average";"";"half";"yes";"";"bad"
"209";"2";"5.97";"4.04";;"";"40";"";"-12";"4";"yes";"10";"average";"no";"";"";"full";"??"
"210";"1";"4.96";"4.98";;"tcf";;"";;"3";"";"10";"";"";"";"";"full";"bad"
"211";"2";"2.53";;;"tcf";"38";"";;"2";"";"11";"average";"no";"full";"maybe";"full";"good"
"212";"2";"5.67";;;"none";"40";"";;"3";"";"14";"average";"";"half";"yes";"";"good"
"213";"2";"4.52";;"2.08";"";"37";"";;;"no";"16";"below average";"yes";"half";"";"half";"bad"
"214";"2";"5.01";"4.5";;"";"37";"";;"4";"";"9";"below average";"";"half";"";"half";"bad"
"215";"2";"3.52";"7.02";"4.97";"none";"36";"empl_contr";;;"no";"9";"average";"yes";"none";"yes";".5";"good"
"216";"1";"1.97";"3.98";"4.96";"";"39";"";;;"";"12";"";"no";"full";"yes";"full";"good"
"217";"3";"2.99";;;"none";"36";"empl_contr";;;"maybe";"11";"below average";"";"";"";".5";"bad"
"218";"1";"2.1";"4.47";;"tc";"34";"";;"10";"";"11";"below average";"";"half";"yes";"half";"good"
"219";"1";"3.01";"5.01";;"none";"35";"";"-1";;"";"10";"average";"";"half";"yes";"half";"good"
"220";"2";"4";"2.48";;"tc";"9";"empl_contr";;;"";"13";"generous";"no";"";"";"";"good"
"221";"3";"3.01";"1.98";;"tc";"34";"none";;;"yes";"9";"below average";"";"half";"";"half";"good"
"222";"3";"2";"4.02";"2.27";"tc";"37";"ret_allw";"-12";"3";"no";"11";"average";"yes";"";"yes";"full";"good"
"223";"1";"4.5";"2.52";;"";"10";"empl_contr";;;"yes";"10";"generous";"";"full";"yes";".5";"good"
"224";"2";"-4.97";"5.01";"5.01";"";"39";"none";;"3";"no";"16";"below average";"";"";"";"half";"good"
"225";"2";"2.1";"3.96";;"tcf";"41";"";"2";"3";"";"12";"average";"yes";"";"";"";"good"
"226";"1";"3.54";"4.4";;"";"37";"empl_contr";;"5";"";;"below average";"";"";"yes";"";"bad"
"227";"2";"2.99";"5.83";;"";"10";"empl_contr";"-12";;"no";"12";"average";"";"full";"maybe";"";"bad"
"228";"1";;"4.02";"2.03";"none";"37";"";;;"";"11";"generous";"";"full";"maybe";".5";"bad"
"229";"2";;"2.5";"2.53";"";;"";;;"";;"";"yes";"none";"yes";"full";"good"
"230";"1";"4.46";"4";;"tc";"40";"";;;"";"12";"below average";"";"none";"yes";"full";"bad"
"231";"2";"3.04";"5.03";;"";;"";"2";"4";"no";"10";"below average";"";"full";"yes";".5";"good"
"232";"1";"2.08";;;"";"35";"ret_allw";;;"";"11";"average";"";"half";"yes";"full";"good"
"233";"2";"2.07";"2.49";;"";"37";"self payed";"29";"25";"";"22";"generous";"yes";"half";"";"none";"bad"
"234";"3";"2.52";;;"";"37";"";"2";;"yes";"10";"average";"";"";"yes";"";"bad"
"235";"2";"4.51";"4.51";;"tcf";"37";"";;"25";"no";"11";"";"";"";"yes";"";"good"
"236";;"2.96";"3.99";;"";"63";"empl_contr";;"3";"";"10";"average";"yes";"full";"";"full";"bad"
"237";"2";"4.51";"3.99";;"";"37";"empl_contr";;;"yes";"10";"";"yes";"";"yes";"full";"good"
"238";"3";"3.49";"4.81";"1.99";"tc";"61";"";"2";"4";"no";"12";"average";"";"";"yes";"";"good"
"239";"1";"-4.5";;;"tcf";"38";"self payed";;"1";"";"10";"generous";"";"";"yes";"";"good"
"240";"2";"4.03";"2.5";"4.98";"none";"40";"";;"1";"no";"10";"generous";"";"none";"yes";"";"??"
"241";"3";"5.99";"5.03";;"tc";"37";"";;;"";"10";"average";"";"full";"yes";"";"good"
"242";"3";"2.78";"2.52";;"";"39";"";;"3";"";"11";"below average";"";"";"";"full";"good"
"243";"2";"5.99";"2.54";"4.98";"none";"39";"";"-1";;"";"11";"";"yes";"full";"yes";"none";"good"
"244";"3";"3.67";"4.52";;"";"40";"";;;"no";"15";"below average";"";"";"yes";"";"good"
"245";"3";"2.08";"5.8";"5.11";"none";"38";"none";"4";;"no";"10";"generous";"";"half";"";".5";"good"
"246";"3";"-6.43";"4.02";;"tcf";"61";"";;;"";"9";"below average";"";"half";"";"full";"??"
"247";"1";"-4.53";;;"tcf";"36";"";"-1";"10";"no";;"average";"";"half";"yes";"full";"good"
"248";"2";"3.69";;;"none";"36";"";;"3";"yes";"9";"";"";"";"";"half";"good"
"249";"3";"4.48";"4.51";;"";"38";"";"-1";"2";"";;"";"";"half";"";"";"good"
"250";"2";"2.83";"5.02";;"";;"";"29";"4";"";"11";"average";"yes";"";"";"half";"good"
"251";"1";"4.47";"2.47";;"";"27";"empl_contr";;"3";"";"12";"average";"";"";"yes";"none";"good"
"252";"2";"4.01";"3.98";"4.58";"";"28";"empl_contr";;;"no";;"below average";"";"full";"";"full";"bad"
"253";"2";"-6.4";;;"";"27";"";;"3";"";"9";"below average";"yes";"";"";"";"good"
"254";"2";"1.99";"5.02";;"none";"39";"";;"5";"";"11";"average";"";"full";"yes";"none";"good"
"255";"2";"3.49";;;"none";"37";"";;;"";"9";"below average";"yes";"full";"yes";".5";"??"
"256";"2";"-4.53";"2.97";"4.99";"";;"";;;"";"9";"generous";"yes";"full";"";"none";"good"
"257";"1";"4.52";"7";;"none";"39";"ret_allw";"-12";;"";"11";"below average";"";"full";"yes";"full";"bad"
"258";"2";"2.83";"4.47";"4.99";"tc";"39";"none";;"25";"";"8";"below average";"";"";"yes";"";"bad"
"259";"3";"4.97";"4.04";;"";"36";"";;"4";"";"14";"below average";"";"";"yes";"";"good"
"260";"3";"-4.54";;;"none";"40";"";;;"";"11";"average";"";"";"yes";"full";"good"
"261";"3";"6.92";;;"none";;"";"13";"4";"";"9";"average";"yes";"half";"";"half";"good"
"262";"3";"-4.5";"2.47";;"none";;"";;"10";"maybe";"5";"below average";"";"half";"";"full";"bad"
"263";"2";"4.52";"2.52";;"";"38";"none";;;"no";"14";"generous";"yes";"half";"";"half";"??"
"264";"2";"2.47";;;"";"39";"";;"3";"yes";"4";"generous";"";"half";"no";"full";"bad"
"265";"3";"5.72";;"2.3";"";"39";"none";;"5";"";"13";"average";"yes";"none";"yes";".5";"bad"
"266";"2";"2.01";"4";;"none";"37";"empl_contr";;"4";"";"11";"generous";"";"full";"";"none";"good"
"267";"2";"2.08";;;"none";"39";"none";;;"no";"11";"average";"yes";"";"yes";"";"good"
"268";"2";"1.97";"24.97";;"none";"39";"empl_contr";;;"";"5";"generous";"";"none";"no";"full";"bad"
"269";"2";;"2.04";;"";"35";"";;"4";"no";"5";"below average";"yes";"";"yes";"";"good"
"270";"1";"3.69";"2.47";;"";;"ret_allw";;"4";"no";"10";"generous";"";"half";"";"";"bad"
"271";"1";"1.99";"6.99";;"none";"11";"empl_contr";;"4";"";"12";"average";"";"";"yes";"full";"good"
"272";"2";;"2.46";"4.98";"";"35";"empl_contr";;;"";"9";"average";"yes";"half";"";"";"good"
"273";"2";"-4.49";"3";;"";"39";"none";;;"yes";"11";"generous";"";"";"yes";"";"bad"
"274";"2";"3.53";"2.51";;"none";"36";"empl_contr";;"3";"no";"13";"below average";"no";"half";"";"full";"good"
"275";"1";"4.52";"3.98";;"";"35";"ret_allw";"29";"0";"";"14";"average";"";"";"";"none";"good"
"276";"2";"2.02";;"2.08";"tc";"61";"";;"2";"";"12";"below average";"no";"full";"";"full";"good"
"277";"2";"5.98";"4.53";;"none";"41";"";;;"yes";"15";"generous";"no";"full";"yes";"half";"good"
"278";"2";"5.67";"4.51";;"none";"40";"";;"2";"yes";"9";"below average";"";"half";"yes";"half";"good"
"279";"2";"-5.03";"4.02";;"none";"39";"self payed";;;"";;"average";"";"";"";"full";"good"
"280";"2";"2.07";"4.01";;"none";"41";"ret_allw";;"6";"no";"11";"generous";"";"none";"";".5";"good"
"281";"2";"-6.42";"6.41";;"tc";"38";"";"-1";"3";"";"20";"generous";"";"half";"";"";"good"
"282";"2";"2.78";"2.97";;"none";"40";"";"2";"4";"yes";"11";"average";"";"half";"yes";"none";"good"
"283";"3";"-6.38";"5";;"tc";"40";"";;"5";"no";"3";"average";"";"";"";"";"bad"
"284";"3";"4.51";"2.52";;"none";"41";"";;;"";"10";"below average";"yes";"none";"";"";"good"
"285";"3";;"3.97";;"";"28";"";"2";;"";"12";"generous";"yes";"";"yes";"";"good"
"286";"2";"2.01";;"-5.02";"tc";"34";"";"-1";;"";"11";"below average";"yes";"full";"";"";"good"
"287";"3";"5";"3.98";"1.99";"tcf";"37";"ret_allw";;"25";"";"9";"average";"";"";"no";"";"good"
"288";"2";"6.91";;;"tc";"38";"";"2";;"yes";"11";"";"";"full";"yes";"";"??"
"289";"1";"2.13";"5.81";;"";"39";"";;"3";"no";"10";"below average";"";"half";"yes";".5";"good"
"290";"2";"2.83";"1.98";;"tcf";"37";"ret_allw";;;"";"8";"average";"yes";"half";"";"";"good"
"291";"2";"2";;"4.98";"";"36";"ret_allw";;"5";"yes";"12";"average";"yes";"";"maybe";"";"good"
"292";"1";"3.03";"3.97";;"";"27";"none";;"3";"";"15";"average";"";"full";"yes";"";"??"
"293";"2";"2.02";"1.98";"2.26";"tc";"39";"";;;"";"8";"generous";"";"";"yes";".5";"good"
"294";"3";"4.54";"6.4";;"none";"40";"";"2";"3";"no";;"generous";"";"full";"";"";"good"
"295";"1";"4.29";"4.03";"-5.02";"";"37";"self payed";;"0";"";;"average";"";"";"";"none";"good"
"296";"3";"2.97";"6.41";;"none";"35";"";"-1";"4";"yes";"4";"below average";"";"";"yes";"";"good"
"297";"2";"3.03";;;"tc";"39";"";"29";"5";"";"11";"generous";"no";"none";"";"";"good"
"298";"3";"5.98";"4.98";;"";;"";;;"";"10";"";"";"";"";"half";"good"
"299";"2";"-4.47";"5.03";;"none";"28";"";;;"";"11";"generous";"";"none";"";"";"??"
"300";"3";"2.01";"5.01";;"none";"38";"";;;"";"12";"below average";"yes";"full";"yes";"half";"bad"
"301";"1";"4.52";;"2.27";"none";"40";"empl_contr";;"5";"";"10";"below average";"";"";"yes";"none";"good"
"302";;;;;"none";"39";"empl_contr";;;"";"5";"below average";"";"none";"yes";"full";"bad"
"303";"2";"4.54";"4.48";;"tc";"37";"";;;"no";"4";"below average";"";"full";"yes";"half";"good"
"304";"3";"4.51";"3.98";;"none";"38";"";;"3";"no";"11";"below average";"no";"";"";"";"good"
"305";"2";"-4.97";"2.02";;"none";;"empl_contr";;;"no";"13";"below average";"";"none";"yes";"";"bad"
"306";"2";"6.9";"4.51";;"";"40";"none";;;"no";"12";"generous";"yes";"full";"yes";"full";"good"
"307";"2";"3.52";;;"none";"37";"none";"-12";;"maybe";"11";"generous";"";"full";"yes";"";"good"
"308";"2";"2.99";"3.03";;"";"38";"empl_contr";;"6";"";"10";"average";"yes";"";"";"full";"good"
"309";"2";"4.34";;;"none";"38";"none";;;"";"20";"below average";"yes";"full";"";"";"bad"
"310";"2";"3.99";;;"tc";"35";"empl_contr";;"4";"";"10";"generous";"no";"";"";"";"bad"
"311";"2";"-4.49";"4.49";;"none";"38";"";;"4";"";"13";"below average";"";"half";"yes";"half";"bad"
"312";"1";"3";"5.8";;"none";"38";"";;"4";"";"11";"below average";"";"";"yes";"";"good"
"313";"2";"3";"7.03";"2.12";"none";"11";"none";"2";"5";"yes";"8";"generous";"yes";"";"";"half";"bad"
"314";"1";"-4.52";"4.98";;"";"38";"";"13";"3";"maybe";"12";"below average";"";"";"yes";"full";"good"
"315";"1";"2";"2.02";"2.3";"";"34";"";;"3";"";"9";"below average";"";"";"";"full";"good"
"316";"3";"3.71";"4.97";;"none";"36";"";;"5";"no";"11";"average";"";"full";"";"none";"good"
"317";"1";"3.51";"5.82";"5.02";"";"9";"";;;"";"11";"below average";"";"none";"no";".5";"good"
"318";"3";"1.98";"2.03";;"";"38";"none";"2";"3";"";"11";"below average";"";"half";"";"";"good"
"319";"3";"2.48";;;"tcf";"38";"";;"1";"no";"10";"average";"";"none";"";"full";"good"
"320";"1";"2.76";"4.48";"2.47";"none";;"";"-1";"5";"";"12";"generous";"";"half";"yes";"";"good"
"321";"3";"3.68";"2.53";;"";"40";"none";"-1";"3";"";"12";"below average";"";"none";"";"half";"bad"
"322";"3";"3";"5.02";"2.08";"tcf";"10";"self payed";"29";"10";"no";;"below average";"";"half";"";"full";"good"
"323";"2";"4.49";"3.99";;"tcf";"37";"";"2";;"maybe";"10";"generous";"";"none";"";"";"bad"
"324";"2";"2.97";"4.49";;"none";"37";"";"2";"4";"";"11";"generous";"";"";"";".5";"bad"
"325";"2";"3.52";;;"";"36";"";;"3";"maybe";"11";"average";"no";"full";"yes";"full";"good"
"326";"2";"6.91";;;"none";"40";"ret_allw";;;"";"10";"generous";"";"full";"yes";"full";"good"
"327";"2";"-4.51";"4.77";;"none";"39";"empl_contr";;"5";"";"12";"below average";"";"";"yes";"none";"good"
"328";"3";"2.01";;;"tcf";"40";"";;"3";"maybe";"11";"average";"";"full";"yes";"";"??"
"329";"3";"5.99";"3.98";;"";"39";"empl_contr";;;"yes";"10";"below average";"";"";"yes";"half";"bad"
"330";"3";"4.03";"6.43";;"none";"39";"empl_contr";;"6";"";"11";"below average";"";"half";"yes";"full";"good"
"331";"3";"2.79";"2.48";;"tc";"38";"";;"2";"yes";"12";"generous";"yes";"";"";"";"bad"
"332";"2";"2";"25.02";"4.58";"none";"41";"";;"4";"no";"10";"average";"yes";"none";"yes";"";"good"
"333";"1";;;;"";"11";"ret_allw";;"10";"yes";"14";"below average";"";"";"";"none";"good"
"334";"3";"4.49";;;"none";"40";"empl_contr";;;"";"11";"below average";"";"half";"";"full";"good"
"335";"2";"2.02";"4.39";;"";"39";"";;"6";"";"10";"below average";"";"";"yes";"full";"bad"
"336";"3";"5";"37.03";"-4.97";"tc";"36";"ret_allw";;;"no";"9";"average";"no";"full";"";"none";"good"
"337";"1";"2.01";"36.99";;"";"39";"self payed";;"5";"no";"11";"generous";"yes";"";"yes";"full";"good"
"338";"2";"1.97";"3.96";;"tc";;"";;;"no";"9";"generous";"";"";"yes";"half";"good"
"339";"3";"2.09";;;"";;"self payed";;"3";"no";"10";"average";"yes";"half";"";"";"bad"
"340";"2";"-4.47";"25.01";;"";"38";"empl_contr";"-12";"6";"no";"9";"average";"";"half";"";"";"good"
"341";"3";"2.77";"2.53";;"";"37";"self payed";"4";"2";"maybe";"13";"below average";"";"none";"";"half";"good"
"342";"1";;"4.43";;"none";"36";"empl_contr";;"2";"no";"10";"generous";"";"half";"yes";"";"good"
"343";"3";"1.97";"4.98";;"";"39";"empl_contr";;;"";"9";"average";"no";"half";"";"none";"good"
"344";"2";"-4.51";"3.98";"1.99";"tcf";"35";"";;"10";"yes";"11";"average";"";"half";"yes";"";"good"
"345";"1";"2.03";;;"tc";"35";"ret_allw";;"3";"yes";"10";"average";"";"full";"no";"";"bad"
"346";"3";"5.73";;"2.49";"";"35";"";;"4";"";"12";"average";"yes";"full";"";"";"good"
"347";"2";"2.49";"5.01";;"";"41";"";"2";"4";"yes";"9";"below average";"no";"none";"yes";"";"??"
"348";"3";"-4.5";"2.98";"5.03";"none";"38";"empl_contr";;"2";"";"9";"generous";"yes";"";"";"none";"good"
"349";"2";"-4.48";"3.99";;"";"36";"";;;"no";"10";"generous";"";"none";"";"half";"good"
"350";"2";"4.53";"1.96";;"";"41";"none";;;"";"11";"generous";"";"";"yes";"half";"good"
"351";"3";"6.9";"3.99";;"";"39";"";;;"no";"10";"below average";"";"";"";"full";"bad"
"49";"3";;;;"none";"37";"";;;"maybe";"4";"below average";"";"";"yes";"";"good"
"353";"2";"4.49";"2.98";"5";"tc";"40";"self payed";;"3";"";"11";"average";"yes";"";"";"none";"bad"
"354";"2";"1.98";"2.53";"-5.02";"tc";"40";"empl_contr";;"3";"";"13";"below average";"";"half";"";"";"good"
"355";"2";"2.83";"4.02";;"";"36";"none";;"5";"";"10";"below average";"";"";"";"half";"bad"
"356";"2";"3.69";"4.48";;"none";"36";"";"-12";"4";"no";"10";"";"yes";"";"yes";"";"good"
"357";"3";"3.53";;;"none";"36";"empl_contr";"-12";"0";"";"15";"average";"";"full";"yes";"half";"??"
"358";;"2.84";"37.04";;"";"38";"none";;"25";"yes";"9";"average";"no";"";"yes";"half";"bad"
"359";"2";"2.78";"3.97";;"";"35";"ret_allw";"4";"5";"no";"11";"average";"";"half";"";"";"good"
"360";"3";;"1.99";;"";"35";"empl_contr";"2";;"";"10";"average";"";"";"maybe";"full";"good"
"361";"3";"4.48";"37.02";"2.29";"";"38";"empl_contr";;"3";"yes";"12";"average";"";"";"yes";"";"good"
"362";"2";"3.49";"3.99";"5.02";"none";"38";"none";;;"";"12";"average";"";"full";"maybe";"half";"bad"
"363";"1";"5.71";;;"tcf";"35";"none";;;"";"11";"below average";"yes";"";"yes";"half";"bad"
"364";"1";"3.98";"4.03";;"";"35";"";;;"maybe";"11";"below average";"";"half";"";".5";"good"
"365";"1";"6";"6.39";;"tc";"27";"";;"2";"";"12";"average";"";"full";"";"half";"good"
"366";"3";"3.54";;"5.06";"tc";"36";"";;"2";"no";;"average";"";"none";"";"full";"bad"
"367";"2";"5.04";"3.98";"1.97";"tc";"38";"ret_allw";"29";;"";"5";"average";"no";"full";"yes";"none";"??"
"368";"3";"3.5";"37";;"none";;"none";;;"";"11";"average";"";"";"";"none";"good"
"369";"3";"3.48";"4.42";;"";"37";"self payed";"2";"6";"yes";"10";"generous";"";"";"yes";".5";"good"
"370";"2";"2.49";"25.04";;"";"40";"empl_contr";;;"maybe";"5";"average";"yes";"half";"";"";"good"
"371";"2";"3.48";"5.78";;"none";"37";"";;"4";"";"10";"generous";"yes";"";"yes";"";"good"
"372";"2";"-4.53";;;"";"41";"empl_contr";;"4";"";"11";"below average";"";"";"yes";"half";"bad"
"373";"2";"4.51";;"5.04";"none";"35";"";"29";;"";"12";"below average";"";"";"";"";"good"
"374";"1";"1.99";"37.02";"2.27";"none";"62";"none";;"4";"yes";"12";"average";"";"full";"yes";".5";"bad"
"375";"2";"1.99";;;"";"40";"empl_contr";;"3";"yes";"12";"below average";"yes";"half";"";".5";"good"
"376";"2";"2";"4.04";;"";"39";"";"2";"4";"no";"11";"average";"yes";"";"";"";"good"
"377";"2";"3.52";"3.04";"2";"tc";"37";"self payed";;;"maybe";"10";"";"";"";"";"full";"good"
"378";"3";"2";"3.97";;"";"38";"empl_contr";;"3";"";"14";"generous";"yes";"none";"yes";"full";"??"
"379";"2";"2.83";;;"none";"35";"none";;"3";"";"12";"generous";"yes";"full";"yes";"";"good"
"380";"2";"4.51";"4.53";;"tcf";"35";"self payed";;"3";"";"4";"below average";"yes";"half";"";"full";"bad"
"381";"3";"2.03";"7.03";;"none";"40";"";;;"";"22";"generous";"no";"none";"yes";"";"bad"
"382";"2";"3.04";"5";"2.13";"none";;"none";;"5";"";"11";"average";"";"";"yes";"full";"bad"
"383";"2";"2.99";"4.03";;"none";"41";"ret_allw";"2";"3";"yes";"11";"average";"no";"";"yes";"";"good"
"384";"1";"4.46";"5.78";;"";"37";"none";;;"yes";"10";"generous";"";"half";"yes";"half";"good"
"385";"2";"2.01";;;"tc";"35";"none";;;"no";"5";"average";"";"full";"";"full";"??"
"386";;"3.01";"4.98";"4.62";"";"38";"empl_contr";;;"";"11";"below average";"yes";"none";"yes";"none";"good"
"387";"3";"2.04";"5.81";"2.1";"tc";"38";"";;;"no";"10";"";"";"none";"maybe";"";"bad"
"388";"2";;"4";;"";"37";"empl_contr";;"4";"";"9";"below average";"";"";"no";"full";"bad"
"389";"3";"5.98";;;"";"39";"";"29";;"yes";"9";"average";"no";"";"";"";"good"
"390";"2";"-4.52";;;"";"40";"";;;"maybe";;"generous";"";"half";"";".5";"bad"
"391";"1";"-4.48";"3.99";;"";"37";"";;"25";"no";;"generous";"no";"none";"";"";"bad"
"392";"3";"3.02";"4.02";;"";"38";"";;"5";"yes";;"generous";"";"";"yes";"full";"bad"
"393";"2";"-4.98";"3.04";;"tc";"37";"";"-12";;"maybe";"10";"below average";"yes";"half";"";"full";"good"
"394";"1";"2.02";"3.98";;"none";"62";"self payed";;"3";"";"11";"generous";"yes";"";"";"";"bad"
"395";"1";"6.92";"4.98";;"";"37";"none";;"6";"";"11";"average";"";"full";"";"full";"good"
"396";"2";"5.68";"3.99";;"";"37";"";;;"no";"11";"generous";"";"";"";"full";"bad"
"397";"2";"-4.49";"2.03";;"";"36";"";;"5";"";"9";"average";"yes";"";"";"";"good"
"398";"2";"3.52";;"4.57";"";"40";"";"2";;"yes";"14";"generous";"yes";"none";"";"none";"??"
"399";"2";"2.54";"4.02";;"tc";"40";"empl_contr";"-1";"3";"yes";"11";"average";"yes";"";"yes";"";"good"
"400";"1";;"3.98";;"";"39";"";;"3";"no";"8";"average";"";"full";"yes";"";"bad"
"401";"1";;"3.97";;"none";;"self payed";;"5";"no";"11";"below average";"";"full";"";"half";"bad"
"402";"2";"2.07";"4.47";"-5.02";"none";"40";"";"29";"4";"yes";"10";"average";"";"";"";"none";"good"
"403";"1";"2.97";"3.98";;"";"36";"empl_contr";;;"maybe";"13";"below average";"yes";"half";"yes";"";"good"
"404";"2";"1.96";"4.51";;"";"41";"";;;"no";"3";"below average";"no";"full";"no";"";"good"
"405";"2";"2.04";"2.52";;"";"40";"";;"10";"";"9";"average";"yes";"half";"";"full";"??"
"406";"3";"2.12";"4.39";;"tcf";"34";"";;;"no";"11";"generous";"no";"full";"";"none";"??"
"407";"1";"2";"4.52";;"";"35";"empl_contr";;"3";"";;"generous";"no";"";"yes";".5";"good"
"408";"3";"4.98";"3.98";"4.61";"tcf";"41";"empl_contr";;"4";"no";"11";"below average";"";"";"yes";"full";"??"
"409";"2";"3.47";"4.52";;"";"9";"";;"2";"no";"15";"generous";"yes";"";"no";"";"good"
"410";"3";"3";"7";;"tc";"37";"none";;;"";"10";"below average";"no";"";"yes";"half";"bad"
"411";"2";"-4.5";"3.97";;"tc";"37";"none";;"4";"maybe";"10";"average";"no";"full";"yes";".5";"good"
"412";"2";"1.99";"4.02";;"";"41";"empl_contr";"-1";"3";"yes";"9";"average";"yes";"half";"";"full";"good"
"413";"1";"3.03";"4.02";"4.57";"tc";"38";"";"-1";"5";"";"13";"generous";"";"half";"";"";"good"
"414";"1";"1.99";"2.02";"-5.02";"";"39";"none";;"4";"";"12";"below average";"yes";"";"";"half";"good"
"415";"3";"3.03";"3.97";;"none";"41";"";"4";"0";"maybe";"15";"average";"yes";"half";"no";"";"bad"
"416";"1";"-6.39";"4.78";;"";"39";"";;"4";"yes";;"";"no";"none";"yes";"full";"good"
"417";"3";"2.51";"2.49";;"";"39";"";;;"";"9";"generous";"";"half";"yes";"full";"good"
"418";"3";"2";;;"tc";"41";"";;;"yes";"8";"generous";"";"half";"";"full";"bad"
"419";"2";"1.99";;;"";"38";"";;;"no";"10";"below average";"";"";"";"full";"good"
"420";;"5.69";;;"none";"37";"";"29";;"";"22";"average";"no";"half";"yes";"none";"good"
"421";"2";"3.99";"3.98";;"";"41";"ret_allw";;;"";"9";"generous";"yes";"";"yes";"full";"good"
"422";"1";"3.68";"3.98";;"";"37";"";;;"no";"11";"average";"yes";"full";"";"half";"??"
"423";"1";"3.03";"1.96";;"";"41";"none";;"4";"no";"11";"average";"";"half";"maybe";"half";"good"
"424";"1";"3.48";;;"";"35";"none";;"2";"yes";"11";"average";"";"none";"";"";"good"
"425";"1";"4.48";"3";;"";"35";"";;"3";"";"21";"generous";"";"half";"";"";"good"
"426";"2";"2.08";"4.5";;"none";"41";"";"12";"4";"yes";"11";"generous";"";"none";"yes";".5";"good"
"427";"1";"2.03";"2.03";"5.11";"none";;"";;"2";"";"11";"below average";"";"";"yes";"";"bad"
"428";"3";"3.01";;;"tcf";"41";"";;;"yes";"12";"average";"yes";"";"";"none";"bad"
"429";"1";"2.51";"4.02";;"";"39";"self payed";;;"";"12";"below average";"yes";"full";"yes";"";"bad"
"430";"2";"2.83";"2.46";;"none";"35";"";;"5";"no";"15";"average";"";"";"";"half";"good"
"431";"2";"3.53";"4.01";"5";"tc";"37";"";;;"no";"10";"generous";"";"";"";"half";"good"
"432";"2";"3.68";"4.47";;"none";"35";"none";;;"yes";"13";"average";"";"full";"maybe";"none";"??"
"433";"2";"4.5";;"5.02";"none";"37";"";;"6";"yes";"14";"generous";"";"full";"";"";"bad"
"434";"2";"6.02";;;"";"36";"empl_contr";;"5";"yes";"11";"average";"";"full";"";"full";"good"
"435";"3";"3.99";"2.49";;"tc";"38";"none";;"4";"no";"10";"";"";"none";"";".5";"good"
"436";"2";"5.97";"5.03";;"";"36";"";"13";"3";"no";"9";"generous";"no";"none";"yes";"full";"bad"
"437";"1";"-4.5";;"2.34";"";"10";"none";"-12";"6";"yes";"12";"below average";"";"none";"yes";"half";"good"
"438";"3";"2.96";"3.97";"5.11";"";"39";"ret_allw";;;"no";"14";"below average";"yes";"";"";"full";"good"
"439";"3";"6.88";"2.98";;"tc";;"";;"2";"";"10";"below average";"yes";"none";"";"full";"good"
"440";"2";"4.51";;;"";"39";"ret_allw";;"4";"no";"9";"";"";"full";"";"full";"good"
"441";"3";"3.52";"36.98";"5.13";"none";"38";"none";"2";;"no";"13";"average";"yes";"";"yes";"";"good"
"442";"2";"1.99";;;"none";"39";"self payed";"13";"3";"yes";"22";"average";"yes";"half";"yes";"none";"good"
"443";"3";"3.52";;;"none";"35";"";;"6";"";"13";"below average";"";"";"";"";"good"
"444";"1";"3.54";"4.5";;"";"38";"";;"1";"";"13";"average";"";"";"";"full";"good"
"445";"2";"2.03";"4.76";;"tc";"40";"empl_contr";;"2";"";"13";"generous";"";"none";"";"none";"bad"
"446";"1";"4.51";;;"";"40";"";;;"maybe";"9";"";"no";"";"yes";"half";"good"
"447";"1";"6.93";"3.01";;"";"39";"none";;"5";"";"11";"average";"yes";"half";"yes";"none";"good"
"339";"2";"2.46";"4.76";;"";"37";"";"4";;"";"13";"";"";"full";"yes";"";"good"
"449";"3";"2.51";"4.44";;"none";"41";"none";;"5";"";"9";"generous";"yes";"half";"";"half";"good"
"450";"2";"2.03";"7.01";;"none";;"";;"3";"maybe";"11";"average";"yes";"none";"yes";"";"bad"
"451";"1";"2.97";"3.96";;"none";"10";"empl_contr";;"10";"";"13";"below average";"";"half";"yes";"half";"good"
"452";"2";"2.96";"3.04";;"none";;"none";;"10";"";;"generous";"";"half";"yes";".5";"good"
"453";"3";"5.01";;;"";"41";"";"2";"4";"no";"11";"average";"";"";"";"none";"??"
"454";"2";"2.47";"2.5";;"none";"62";"";;"0";"";"11";"average";"no";"full";"yes";"";"bad"
"455";"3";"2.77";"5.79";;"";"41";"";"-1";;"";"9";"average";"";"";"";".5";"bad"
"456";"2";"4.52";"4.53";;"none";"38";"";"-1";"10";"no";"11";"average";"";"";"";"full";"good"
"457";"1";"3.03";"6.43";;"";"35";"empl_contr";;"6";"";"10";"";"";"half";"maybe";"";"good"
"458";"2";"2.78";"6.96";;"tc";"38";"ret_allw";;;"no";;"average";"";"";"yes";"half";"??"
"459";"1";"2.96";"4.49";"5.01";"none";;"ret_allw";;"4";"";;"generous";"yes";"half";"yes";"none";"bad"
"460";"2";"3.04";"3.98";;"none";"41";"ret_allw";"29";"3";"";"12";"generous";"yes";"full";"yes";"full";"bad"
"461";"3";"-6.43";"2.02";;"none";"37";"";;;"maybe";"10";"";"";"full";"yes";"";"good"
"462";"3";"2.53";"4.44";;"tc";"27";"";;"2";"";"10";"average";"";"none";"yes";"full";"good"
"463";"1";"3.52";"4.53";;"none";"41";"empl_contr";;;"yes";"10";"generous";"";"half";"yes";"";"bad"
"464";"1";"1.98";"6.97";;"none";"40";"";;"4";"yes";"10";"average";"";"full";"yes";"half";"bad"
"465";"2";"3";;;"";"40";"self payed";;"3";"";"9";"";"";"";"";"";"??"
"466";"1";"2.03";;"5.02";"none";"40";"";;"4";"no";"11";"generous";"no";"";"";"none";"good"
"467";"3";"3.71";"5";;"";"37";"empl_contr";"13";;"no";"12";"average";"";"";"yes";"full";"good"
"468";"2";"2.11";"37.02";"5";"none";"40";"";;;"";"12";"below average";"no";"none";"";"half";"good"
"469";"3";"3.5";"4.46";"2.03";"tc";"35";"";;"4";"";"11";"average";"";"half";"";"half";"good"
"470";"2";"4.48";"1.98";"2.54";"";"10";"";"2";;"";"9";"average";"";"";"";".5";"good"
"471";"1";"2.8";;"5.01";"none";;"";"-1";"2";"";"10";"generous";"";"";"";"";"bad"
"472";"2";"2.09";"1.97";;"none";"40";"self payed";"29";"6";"yes";"10";"generous";"no";"full";"yes";"";"good"
"473";"1";"3.49";"4.03";"2.13";"";"40";"";;"5";"yes";"10";"below average";"";"full";"";"half";"good"
"474";"3";"2.84";;;"none";"36";"";;"4";"no";"11";"below average";"";"full";"yes";"";"??"
"475";"1";"-4.47";"4";"5.1";"tc";"41";"none";;"3";"yes";"10";"generous";"";"";"";"none";"bad"
"476";"1";"4.3";"3.98";"2.03";"tc";"37";"";"-1";;"";"3";"average";"";"";"";"none";"good"
"477";"1";"4.03";"4.37";;"";"40";"self payed";;;"yes";"9";"average";"";"half";"";"full";"bad"
"478";"3";"4.27";"4.03";;"";"38";"";"13";"5";"";"9";"generous";"no";"";"yes";"half";"bad"
"479";"2";"4.5";;;"";;"";;"3";"";"10";"average";"";"none";"";"full";"bad"
"480";"1";"3.48";"4.01";;"none";"41";"";;;"no";"11";"below average";"yes";"";"";"none";"good"
"481";"3";"2.84";"3.99";"2.01";"";"39";"";;"5";"";"11";"generous";"yes";"half";"";"";"good"
"482";"3";"-4.5";"5.04";;"";"9";"";;;"";"8";"below average";"no";"half";"";".5";"good"
"483";"2";"3.73";"5.02";;"";"41";"";"-1";"5";"no";"10";"below average";"";"";"yes";"full";"bad"
"484";"1";"4.52";;;"none";"40";"ret_allw";;"3";"no";"11";"generous";"yes";"half";"yes";"";"good"
"485";"3";"4.48";"2.51";;"none";"37";"empl_contr";;"3";"";;"generous";"";"";"yes";"half";"bad"
"486";"3";"5.04";"25.02";;"none";"39";"empl_contr";;;"";"14";"below average";"yes";"";"yes";"full";"bad"
"487";"2";"1.97";"4.36";"4.62";"tc";"39";"none";"2";"1";"";"14";"average";"no";"";"yes";"full";"good"
"488";"3";"3.01";"4.98";"5.03";"tc";"9";"";;;"";"12";"below average";"yes";"full";"";"full";"good"
"489";"2";"4.53";"3.02";"5.12";"none";"40";"self payed";;;"";"12";"average";"yes";"";"";"";"good"
"490";"2";"-4.49";"2.02";;"none";"10";"none";;;"yes";"10";"average";"yes";"";"yes";"";"bad"
"491";"2";"2.02";"6.36";;"none";"36";"none";;"3";"maybe";"8";"average";"yes";"full";"";"full";"bad"
"492";"2";"4.99";"4.51";;"";"34";"";;"3";"no";"10";"average";"";"half";"yes";"";"good"
"493";"3";"3.52";"4.51";;"none";"41";"self payed";;;"";"12";"average";"no";"full";"no";"full";"bad"
"494";"1";"3.52";"4.48";"2.27";"tc";;"";;"5";"yes";"9";"generous";"no";"half";"";"full";"good"
"495";"2";"1.97";;;"";"41";"none";;;"yes";"10";"average";"yes";"half";"yes";"";"good"
"496";"2";"4.46";"4.54";;"tc";"40";"";;"3";"yes";"14";"below average";"yes";"full";"yes";"";"??"
"497";"3";"2.98";"3.99";;"";;"";;"3";"maybe";"4";"generous";"no";"half";"yes";"";"bad"
"498";"2";"-6.39";"4.4";"5.14";"none";"40";"empl_contr";"2";"25";"";"12";"generous";"";"";"yes";"full";"??"
"499";"1";"3.48";;;"none";"41";"";;"2";"yes";"12";"generous";"yes";"half";"yes";"full";"good"
"500";"3";"4.28";"4.02";"5";"none";"38";"";"4";;"no";"10";"average";"";"half";"";"";"good"
"501";"2";"1.98";"4.99";;"none";"39";"empl_contr";"2";"4";"yes";"11";"average";"";"";"no";"full";"bad"
"502";"2";"4.48";"36.98";"-4.98";"none";;"self payed";"-1";"4";"yes";"4";"below average";"";"";"no";"";"bad"
"503";"2";"-4.96";"6.41";"5.14";"none";"38";"none";;"3";"yes";"12";"generous";"yes";"half";"";"none";"good"
"504";"3";"3.5";"25.03";;"none";"40";"none";;"5";"";"8";"generous";"no";"";"yes";"";"??"
"505";"2";"4.52";"4.81";"5.14";"tcf";"36";"";"-1";"3";"maybe";"11";"generous";"";"full";"no";"none";"good"
"506";"2";"-4.99";"4";;"";"39";"none";"29";"4";"maybe";"13";"average";"";"none";"yes";"";"good"
"507";"2";"3.49";"37.04";;"tcf";"38";"";"-1";;"yes";"13";"below average";"";"none";"";"half";"good"
"508";"2";"2";"4.81";"2.01";"none";"36";"ret_allw";;"2";"";"10";"below average";"";"";"yes";"";"bad"
"509";"1";"6.92";"2.98";;"none";"37";"";"29";;"no";"12";"average";"no";"half";"yes";"";"bad"
"510";"1";"3.98";"3.97";;"none";"40";"ret_allw";;"4";"";"12";"below average";"";"";"yes";"";"good"
"511";"3";"3.04";"2.02";"4.57";"tcf";"36";"";;;"no";"10";"generous";"";"half";"";"full";"good"
"512";"2";"1.99";"2.52";;"tcf";"41";"";"13";;"";"12";"below average";"yes";"full";"yes";"half";"good"
"513";"2";"4.51";"3.99";;"tc";"11";"";;"3";"yes";"3";"generous";"yes";"";"";"full";"good"
"514";"2";"4.26";"5.04";;"";"40";"";;;"maybe";"20";"generous";"no";"";"yes";"";"bad"
"515";"3";"4.49";"4.39";;"";"39";"none";;;"maybe";"8";"generous";"";"";"";"";"good"
"516";"2";"3.02";;;"";"41";"none";;;"no";"11";"average";"";"full";"";"half";"good"
"517";"1";"2.98";"4.04";;"";"37";"empl_contr";"13";;"yes";"10";"generous";"";"full";"";"half";"good"
"518";"3";"-4.51";;"4.97";"none";"40";"none";;;"";"11";"below average";"";"";"yes";"";"good"
"519";"3";"4.02";;;"tc";"27";"none";;;"";"12";"generous";"";"none";"";"half";"bad"
"520";"1";"2.02";"3.98";"2.3";"";"27";"none";"-1";;"no";;"below average";"yes";"";"yes";".5";"good"
"521";"2";"2.01";"3.98";"4.57";"";"10";"empl_contr";;;"yes";"11";"generous";"";"full";"yes";"none";"bad"
"522";"3";"3.49";"2.53";;"none";"36";"none";;"2";"maybe";;"generous";"";"none";"";"none";"good"
"523";"2";"-4.49";"2.48";;"none";"39";"";;"3";"no";"12";"below average";"";"half";"";"";"good"
"524";"1";"6.91";;;"";"38";"none";;;"";"11";"generous";"";"half";"yes";"";"good"
"525";"3";"3.52";"2.49";;"tcf";"39";"";"2";;"no";"4";"";"no";"full";"";"";"good"
"526";"2";"4.46";;;"";"38";"none";"12";;"yes";"11";"below average";"yes";"half";"yes";"";"good"
"527";"2";"4";;;"tc";"39";"empl_contr";"-1";"3";"no";"10";"average";"";"";"yes";"";"bad"
"528";"1";"1.97";"5.02";"4.64";"";"38";"empl_contr";;;"maybe";"11";"generous";"yes";"full";"";"";"good"
"529";"3";"2.76";"2.01";;"tc";"36";"";"29";"25";"";"12";"below average";"yes";"full";"yes";"half";"??"
"530";"3";"-4.52";"5.84";;"none";"39";"";;"3";"yes";"12";"average";"yes";"";"yes";"half";"good"
"531";"3";"3";"1.98";"1.99";"";"37";"";"2";"3";"";"12";"below average";"";"none";"";"";"good"
"532";"2";"2.81";"4.52";;"none";"38";"";;"10";"no";"10";"below average";"no";"full";"";"full";"??"
"533";"3";"-5";"4";;"tc";"39";"";;;"no";"11";"average";"";"";"yes";"full";"bad"
"534";"3";"5";"36.97";;"none";"35";"none";;"3";"no";"11";"below average";"yes";"none";"";"none";"good"
"535";"2";"3.01";"4";;"none";"41";"empl_contr";"-12";"5";"";"10";"average";"";"none";"yes";"full";"good"
"536";"3";"2.12";;"5.07";"";"38";"ret_allw";"4";"4";"maybe";"12";"generous";"";"";"";"half";"??"
"537";"3";"-4.51";"4.5";"5.01";"tc";"40";"";;;"no";"10";"generous";"";"";"";"";"good"
"538";"1";"1.97";"2";;"";"39";"";;;"yes";"12";"generous";"";"half";"yes";"full";"bad"
"539";"2";"2.77";"4.78";;"tc";"39";"";"29";"4";"yes";"14";"generous";"";"none";"";"none";"good"
"540";"1";"2.03";"2.53";"2.01";"tcf";"34";"";;;"";"21";"generous";"no";"half";"";"full";"good"
"541";"2";"-5";"7.03";;"";"10";"";;;"";"11";"average";"";"half";"yes";"full";"good"
"542";"2";"3.97";;;"";"39";"self payed";"-12";"3";"no";"9";"average";"";"";"";"";"bad"
"543";"1";"3.49";"3.98";;"none";"39";"";;"3";"no";"21";"generous";"";"full";"";"full";"bad"
"544";"2";"5.72";"5.01";"4.96";"none";"39";"none";;"1";"maybe";"12";"below average";"";"half";"yes";"full";"good"
"545";"2";"4.53";"3.98";;"";"34";"";;"3";"";"11";"below average";"";"none";"yes";"";"good"
"546";"1";"3.68";"36.98";;"tc";"41";"";"2";"4";"yes";"13";"average";"";"half";"";"";"??"
"547";"2";"4.5";"4.03";"4.99";"none";"40";"none";;;"no";"12";"below average";"";"half";"";"";"bad"
"548";"1";;"2.49";;"";"40";"none";;;"yes";"10";"below average";"no";"half";"";".5";"bad"
"549";"1";"1.99";"37.02";;"";"39";"";;"25";"yes";"10";"generous";"";"";"";"full";"bad"
"550";"2";"5.69";"4.03";"2.53";"";"10";"";;"3";"yes";"13";"average";"yes";"half";"";"full";"bad"
"551";"2";"-6.38";"4.77";"4.96";"";;"none";"29";;"";"11";"below average";"";"half";"yes";"";"bad"
"552";"2";"2.03";"4.5";"5";"tc";"39";"none";;;"";"10";"generous";"";"";"";"";"good"
"553";"2";"2.77";"2.99";;"none";"36";"";;"3";"";"11";"generous";"yes";"none";"";"full";"good"
"554";"2";"2.77";"4.49";;"";"40";"";"12";;"yes";"11";"average";"";"none";"";"full";"good"
"555";"2";"4.48";"2.52";;"";"40";"empl_contr";"29";"10";"no";"11";"";"";"half";"";"";"good"
"556";"3";"4.48";"4.01";;"none";"37";"";;;"";"22";"";"yes";"full";"no";"half";"bad"
"557";"3";"4.48";"4.01";;"tc";"40";"self payed";;"2";"";"11";"average";"";"half";"";"none";"bad"
"558";"1";"6.89";"6.36";;"tcf";"41";"none";"29";"5";"no";"11";"below average";"";"";"yes";"full";"good"
"559";"3";"-4.47";;"-4.99";"tc";"39";"ret_allw";;;"no";"4";"average";"yes";"";"";"full";"good"
"560";"1";"-4.47";;;"none";"41";"";;"5";"no";"12";"generous";"";"";"yes";"";"good"
"561";"1";"1.97";"36.96";;"tcf";;"";;;"no";"15";"below average";"yes";"";"yes";".5";"good"
"562";"2";"-4.51";"3.97";;"tcf";"40";"none";;;"";"10";"generous";"no";"half";"";"full";"good"
"563";"3";"2.99";"4.02";"4.61";"";;"ret_allw";;;"no";"16";"average";"no";"";"yes";".5";"good"
"564";"3";"2";"3.04";;"none";"39";"self payed";;;"";"11";"generous";"yes";"full";"";"half";"good"
"565";"2";"4";"24.98";"4.58";"none";"41";"empl_contr";"2";"5";"yes";"9";"";"yes";"half";"";"";"bad"
"566";"2";"2.79";"4.03";;"tc";"38";"";;;"yes";"12";"average";"";"none";"";"full";"good"
"567";"3";;"4.5";;"";"40";"none";;"3";"no";"10";"";"no";"full";"yes";"half";"good"
"568";"1";"-4.46";"2.51";;"";"37";"self payed";;;"";"21";"generous";"";"";"yes";"";"bad"
"569";"3";"3.54";"2.52";"-4.99";"tcf";"37";"none";"4";;"";"9";"average";"";"half";"yes";"full";"good"
"570";"2";"4";"3.96";;"tcf";"39";"";;;"no";"15";"average";"no";"";"";".5";"good"
"571";"2";"2.48";"4.53";"4.97";"none";;"none";"29";;"";"10";"generous";"";"half";"yes";"half";"good"
"572";"2";"2";;;"";"35";"ret_allw";;"0";"";"20";"generous";"";"none";"yes";"";"bad"
"573";"2";"2.03";"4.53";;"";"38";"";"-12";"4";"yes";"15";"below average";"";"full";"";".5";"good"
"574";"2";"3.03";;;"none";"39";"";"-12";"3";"";"11";"average";"";"";"yes";"";"bad"
"575";"3";"4.99";"4.46";"4.63";"";"36";"none";;"4";"";"11";"generous";"";"";"yes";"half";"good"
"576";"1";"3.48";;;"";"39";"empl_contr";;"5";"";"9";"below average";"no";"none";"";".5";"good"
"577";"1";"2.02";"5.01";;"none";"61";"self payed";;;"maybe";"9";"below average";"";"";"yes";"none";"good"
"578";"1";"2.78";;;"";"38";"";"12";;"maybe";"10";"generous";"";"none";"";"full";"good"
"579";"3";"2.03";"4.47";;"tcf";"37";"empl_contr";;;"maybe";"10";"below average";"no";"";"";"full";"bad"
"580";"3";"2.04";"2.47";;"none";"40";"";;"2";"yes";"11";"generous";"yes";"none";"yes";"none";"bad"
"581";"2";;"2.98";;"none";"39";"empl_contr";;;"";"10";"generous";"";"";"";"";"good"
"582";"1";"2.99";;"2.32";"none";"41";"";;"4";"no";"10";"generous";"";"full";"maybe";"full";"good"
"583";"3";"4.52";"7.01";;"tc";"35";"";;"10";"no";;"below average";"yes";"half";"yes";"full";"??"
"584";"2";"4.29";;"4.57";"tc";"39";"";"-12";"4";"";;"below average";"yes";"half";"yes";"full";"bad"
"585";"1";"2.49";"4.49";;"tc";"37";"";"-1";"5";"yes";"11";"average";"";"full";"yes";"";"bad"
"586";"2";"-4.54";"4.48";;"";"41";"ret_allw";;;"no";"10";"below average";"yes";"full";"";"half";"good"
"587";"3";"4.34";"3.97";;"tc";;"none";;"4";"no";"12";"below average";"";"half";"";"half";"bad"
"588";"2";"4.98";;;"";"41";"";;;"";"12";"generous";"no";"";"";"full";"good"
"589";"2";"4.52";"4.49";;"";"38";"empl_contr";"2";"6";"";"11";"below average";"yes";"half";"";".5";"bad"
"590";"1";"1.98";;;"none";;"none";"-1";;"no";"9";"below average";"";"none";"";"full";"bad"
"591";;"2.96";"3.99";;"none";"38";"none";;"2";"maybe";"9";"below average";"";"";"yes";"full";"good"
"592";"2";"4.03";"4.47";;"none";"36";"";;"4";"";"12";"generous";"";"";"yes";"";"good"
"593";"3";"3";;"4.97";"";"36";"self payed";;;"";"5";"below average";"";"half";"yes";".5";"good"
"594";;"2.99";"4.81";"2.03";"tcf";"36";"";"29";"2";"";"12";"below average";"yes";"none";"";".5";"??"
"595";"2";"3.98";"3.96";"2.02";"none";"40";"ret_allw";;"1";"";"12";"below average";"";"";"yes";"half";"good"
"596";"3";"3.02";"5.78";;"none";"40";"";;"6";"";"12";"generous";"yes";"";"";"full";"bad"
"597";"2";"1.96";"4.02";;"tcf";"39";"empl_contr";;;"no";"3";"";"yes";"full";"";"none";"good"
"598";"2";"-5.04";;"1.96";"none";"9";"";;"4";"no";"10";"average";"";"none";"";"";"good"
"599";"2";;"4.03";"5.11";"tcf";"36";"none";;;"no";"5";"below average";"";"half";"";"";"good"
"600";"2";"3.54";"2.52";"2.07";"none";;"";;"25";"no";"11";"average";"yes";"full";"yes";"";"good"
